Numero,Nome,Estatuto Especial
91001,Adelina Miguel,
91002,Aderito Madeira,
91003,Aguinaldo Fidalgo,TE
91004,Aida Becerra,TE
91005,Alda Infante,TE
91006,Anacleto Vidal,TE
91007,Angelica Cezar,TE
91008,Anselmo Piratininga,TE
91009,Anselmo Salazar,TE
91010,Antonieta Leite,TE
91011,Antonia Conceicao,TE
91012,Araci Gois,TE
91013,Arariboia Domingues,TE
91014,Arariboia Morales,TE
91015,Arnaldo Judice,TE
91016,Bernardo Colares,TE
91017,Branco Alcaide,TE
91018,Carla Nunez,TE
91019,Catarino Vidigal,TE
91020,Caim Loio,TE
91021,Cidalia Ruas,TE
91022,Cleiton Vargas,TE
91023,Conceicao Vidigal,TE
91024,Damiao Ferreyra,TE
91025,Delfina Feitosa,TE
91026,Delfina Garrido,TE
91027,Denise Sacramento,TE
91028,Dino Viegas,TE
91029,Dora Pino,TE
91030,Elias Carvalhoso,TE
91031,Epaminondas Dorneles,TE
91032,Esmeralda Quirino,TE
91033,Eunice Velasquez,TE
91034,Fausto Raposo,TE
91035,Felisbela Moreyra,TE
91036,Filomena Lages,TE
91037,Filomena Toledo,TE
91038,Florencio Padilla,TE
91039,Flavio Canedo,TE
91040,Gaudencio Fernandes,TE
91041,Germana Anlicoara,TE
91042,Germana Rios,TE
91043,Gilberto Serpa,TE
91044,Glaucio Castilho,TE
91045,Godofredo Caeira,TE
91046,Godofredo Enriquez,TE
91047,Graciano Querino,TE
91048,Hedviges Menna,TE
91049,Ildefonso Cambezes,TE
91050,Jaci Paz,TE
91051,Jandaira Queiroga,TE
91053,Lineu Quadros,TE
91054,Lourenco Pasos,TE
91055,Mafalda Garrido,TE
91056,Marcelo Galvao,TE
91057,Marina Castanheira,TE
91058,Marina Silveira dos Acores,TE
91059,Martinho Milheirao,TE
91060,Melinda Souza,TE
91061,Melissa Guzman,TE
91062,Mem Castillo,TE
91063,Micael Mora,TE
91064,Monica Azenha,TE
91065,Monica   Amaro,
91066,Nazare Bonilla,
91067,Nicanor Carrasco,
91068,Nilza Modesto,DLG
91069,Nuno Castilhos,
91070,Ondina Canejo,
91071,Ordonho Damasio,
91072,Palo Ferro,
91073,Patricio Mendes,
91074,Polibe Bogalho,
91075,Querubina Farias,
91076,Quintiliano Acuna,
91077,Rafaela Guedez,
91078,Raimundo Aguiar,
91079,Raoni Cervera,
91080,Reinaldo Verguero,
91082,Rodolfo Quintal,
91083,Rodrigo Iglesias,
91084,Romao Barreiro,
91085,Rosario Viana,
91086,Severino Sousa,
91087,Soeiro Judice,
91088,Solano Moreira,
91089,Sonas Mendoca,
91090,Soraia Escobar,
91091,Telma Moraes,
91092,Tome Avelar,
91093,Violeta Goes,
91094,Violeta Lousado,
91095,Virgilio Freiria,
91096,Vitor Nobrega,
91097,Xavier Mourao,PDef
91098,Xerxes Sousa do Prado,
91099,Zelia Almeida,
91100,erico Gouveia,
91101,Tiago Rodrigues,
